{"cameraMode":{"drawMode":0,"name":"Shaded","section":"Shading Mode"},"sceneLighting":false,"audioPlay":false,"sceneViewState":{"showFog":true,"showMaterialUpdate":false,"showSkybox":false,"showFlares":true,"showImageEffects":true,"showParticleSystems":true},"in2DMode":false,"pivot":{"x":-2.438967704772949,"y":30.399982452392579,"z":-48.98016357421875},"rotation":{"x":-0.06372372061014176,"y":-0.4346943795681,"z":0.030731279402971269,"w":-0.8977949023246765},"size":3.9911744594573976,"orthographic":false}