{"cameraMode":{"drawMode":0,"name":"Shaded","section":"Shading Mode"},"sceneLighting":false,"audioPlay":false,"sceneViewState":{"showFog":true,"showMaterialUpdate":false,"showSkybox":false,"showFlares":true,"showImageEffects":true,"showParticleSystems":true},"in2DMode":false,"pivot":{"x":-1.440000057220459,"y":1.1070002317428589,"z":0.5099999904632568},"rotation":{"x":0.13636362552642823,"y":-0.8445640802383423,"z":0.2560266852378845,"w":0.45007428526878359},"size":2.1434128284454347,"orthographic":false}