{"cameraMode":{"drawMode":0,"name":"Shaded","section":"Shading Mode"},"sceneLighting":true,"audioPlay":false,"sceneViewState":{"showFog":true,"showMaterialUpdate":false,"showSkybox":true,"showFlares":true,"showImageEffects":true,"showParticleSystems":true},"in2DMode":false,"pivot":{"x":-5.08685302734375,"y":-7.723258018493652,"z":-34.73787307739258},"rotation":{"x":0.3691949248313904,"y":-0.6019532680511475,"z":0.3673471212387085,"w":0.6053126454353333},"size":22.767566680908204,"orthographic":false}